model,module,root,mesh_objects_including_empty,surface_mesh_objects,unique_meshes_with_faces,triangles,mesh_blocks_shared_outside,triangles_with_world_counterpart_key,surface_objects_with_uv,material_ids,material_source_names
enterprise,capitan,Captain_s_Chair_1,15,15,15,1110,0,0,6,"[""ID20933"", ""ID20939"", ""ID20959"", ""ID21057"", ""ID21638"", ""ID21674"", ""ID21697"", ""ID21756""]","[""__LightGray_"", ""Invisible"", ""Console_Plastic"", ""material_44"", ""__Charcoal_"", ""material_3_0"", ""material_54"", ""material_3_1""]"
enterprise,central,Conn,42,38,26,6336,0,0,13,"[""ID20933"", ""ID20939"", ""ID20948"", ""ID20959"", ""ID21000"", ""ID21057"", ""ID21072"", ""ID21097"", ""ID21112"", ""ID21163"", ""ID21173"", ""ID4979""]","[""__LightGray_"", ""Invisible"", ""Color_006"", ""Console_Plastic"", ""material_4"", ""material_44"", ""material_46"", ""material_7"", ""material_48"", ""__DimGray_"", ""material_3"", ""Color_M04""]"
enterprise,silla_frontal_izq,Group_31-002.001,72,25,25,15308,25,0,3,"[""ID11102"", ""ID11301"", ""ID14"", ""ID201"", ""ID56""]","[""__"", ""_58cd499217289.560ca8b44d983"", ""Dark_Gray"", ""Gray"", ""material""]"
enterprise,silla_frontal_der,Group_31-002,72,25,25,15308,25,0,3,"[""ID11102"", ""ID11301"", ""ID14"", ""ID201"", ""ID56""]","[""__"", ""_58cd499217289.560ca8b44d983"", ""Dark_Gray"", ""Gray"", ""material""]"
enterprise,techo,group_1,222,158,146,8034,0,7956,2,"[""ID135"", ""ID14"", ""ID201"", ""ID221"", ""ID56"", ""ID99""]","[""Color_M09"", ""Dark_Gray"", ""Gray"", ""HONEYCOMB_GLOW_2"", ""material"", ""WHITE_GLOW""]"
enterprise,pantalla,instance_8,1,1,1,160,0,160,1,"[""ID1472""]","[""VIEWSCREEN_GLOW""]"
enterprise,arquitectura_izq,Component_19,5060,4722,1283,1029094,656,1028730,2743,"[""ID11102"", ""ID11301"", ""ID11587"", ""ID11761"", ""ID135"", ""ID13938"", ""ID14"", ""ID1496"", ""ID1528"", ""ID201"", ""ID221"", ""ID3030"", ""ID4979"", ""ID5305"", ""ID6389"", ""ID6958"", ""ID7112"", ""ID99""]","[""__"", ""_58cd499217289.560ca8b44d983"", ""Color_M06"", ""Color_A06"", ""Color_M09"", ""GRATE_GLOW"", ""Dark_Gray"", ""material_1"", ""Aluminum"", ""Gray"", ""HONEYCOMB_GLOW_2"", ""NewTrekLCARS"", ""Color_M04"", ""Color_A07"", ""Blinds_Roman_Hobbled_Blue"", ""GLASS_FLOOR"", ""iso_web_yellow2"", ""WHITE_GLOW""]"
enterprise,arquitectura_der,Component_19-001,5060,4722,1283,1029094,656,1028730,2743,"[""ID11102"", ""ID11301"", ""ID11587"", ""ID11761"", ""ID135"", ""ID13938"", ""ID14"", ""ID1496"", ""ID1528"", ""ID201"", ""ID221"", ""ID3030"", ""ID4979"", ""ID5305"", ""ID6389"", ""ID6958"", ""ID7112"", ""ID99""]","[""__"", ""_58cd499217289.560ca8b44d983"", ""Color_M06"", ""Color_A06"", ""Color_M09"", ""GRATE_GLOW"", ""Dark_Gray"", ""material_1"", ""Aluminum"", ""Gray"", ""HONEYCOMB_GLOW_2"", ""NewTrekLCARS"", ""Color_M04"", ""Color_A07"", ""Blinds_Roman_Hobbled_Blue"", ""GLASS_FLOOR"", ""iso_web_yellow2"", ""WHITE_GLOW""]"
enterprise,consola_secundaria_izq,Console_2,11,11,11,1096,11,0,2,"[""ID20939"", ""ID20948"", ""ID21163"", ""ID21833"", ""ID21869"", ""ID5305""]","[""Invisible"", ""Color_006"", ""__DimGray_"", ""Color_M05"", ""material_43"", ""Color_A07""]"
enterprise,consola_secundaria_der,Console_2.001,11,11,11,1096,11,0,2,"[""ID20939"", ""ID20948"", ""ID21163"", ""ID21833"", ""ID21869"", ""ID5305""]","[""Invisible"", ""Color_006"", ""__DimGray_"", ""Color_M05"", ""material_43"", ""Color_A07""]"
enterprise,monitores_posteriores_izq,ID11576.001,1,1,1,38,1,38,1,"[""ID3030""]","[""NewTrekLCARS""]"
enterprise,monitores_posteriores_der,ID18193.001,1,1,1,38,1,38,1,"[""ID3030""]","[""NewTrekLCARS""]"
ascendant,capitan,instance_193,141,125,121,72280,76,0,23,"[""ID1065"", ""ID17"", ""ID21387"", ""ID444"", ""ID62"", ""ID75"", ""ID88""]","[""NewTrekLCARS"", ""material"", ""_0e3a929217289.560caa6605fe9"", ""WHITE_GLOW"", ""Gray"", ""material_0"", ""Dark_Gray""]"
ascendant,central,group_1,1744,1492,1126,321408,262,0,32,"[""ID10"", ""ID1065"", ""ID17"", ""ID253"", ""ID3227"", ""ID3339"", ""ID3377"", ""ID444"", ""ID5117"", ""ID62"", ""ID6702"", ""ID75"", ""ID88""]","[""Silver"", ""NewTrekLCARS"", ""material"", ""Honeycomb_Grate"", ""__auto_1"", ""__auto_10"", ""__auto_11"", ""WHITE_GLOW"", ""__auto_"", ""Gray"", ""_58cd499217289.560ca8b44d983"", ""material_0"", ""Dark_Gray""]"
ascendant,central_izq,instance_9,774,651,603,152112,363,0,14,"[""ID1065"", ""ID17"", ""ID253"", ""ID3227"", ""ID3339"", ""ID3377"", ""ID444"", ""ID5117"", ""ID62"", ""ID6702"", ""ID75"", ""ID88""]","[""NewTrekLCARS"", ""material"", ""Honeycomb_Grate"", ""__auto_1"", ""__auto_10"", ""__auto_11"", ""WHITE_GLOW"", ""__auto_"", ""Gray"", ""_58cd499217289.560ca8b44d983"", ""material_0"", ""Dark_Gray""]"
ascendant,central_der,instance_80,774,651,603,152112,363,0,14,"[""ID1065"", ""ID17"", ""ID253"", ""ID3227"", ""ID3339"", ""ID3377"", ""ID444"", ""ID5117"", ""ID62"", ""ID6702"", ""ID75"", ""ID88""]","[""NewTrekLCARS"", ""material"", ""Honeycomb_Grate"", ""__auto_1"", ""__auto_10"", ""__auto_11"", ""WHITE_GLOW"", ""__auto_"", ""Gray"", ""_58cd499217289.560ca8b44d983"", ""material_0"", ""Dark_Gray""]"
ascendant,silla_frontal_izq,instance_75,72,25,25,30120,17,0,3,"[""ID17"", ""ID62"", ""ID6702"", ""ID75"", ""ID88""]","[""material"", ""Gray"", ""_58cd499217289.560ca8b44d983"", ""material_0"", ""Dark_Gray""]"
ascendant,silla_frontal_der,instance_75-001,72,25,25,30120,17,0,3,"[""ID17"", ""ID62"", ""ID6702"", ""ID75"", ""ID88""]","[""material"", ""Gray"", ""_58cd499217289.560ca8b44d983"", ""material_0"", ""Dark_Gray""]"
ascendant,techo,group_11,221,157,145,15080,0,14924,2,"[""ID10365"", ""ID17"", ""ID444"", ""ID62"", ""ID75"", ""ID88""]","[""HONEYCOMB_GLOW_2"", ""material"", ""WHITE_GLOW"", ""Gray"", ""material_0"", ""Dark_Gray""]"
ascendant,pantalla,instance_89,1,1,1,160,0,160,1,"[""ID11616""]","[""VIEWSCREEN_GLOW""]"
ascendant,arquitectura_izq,Component_19,5040,4702,1267,1029094,764,1028732,328,"[""ID10365"", ""ID1065"", ""ID11640"", ""ID14724"", ""ID15235"", ""ID15387"", ""ID17"", ""ID21019"", ""ID444"", ""ID62"", ""ID6702"", ""ID75"", ""ID88""]","[""HONEYCOMB_GLOW_2"", ""NewTrekLCARS"", ""material_1"", ""Blinds_Roman_Hobbled_Blue"", ""GLASS_FLOOR"", ""iso_web_yellow2"", ""material"", ""GRATE_GLOW"", ""WHITE_GLOW"", ""Gray"", ""_58cd499217289.560ca8b44d983"", ""material_0"", ""Dark_Gray""]"
ascendant,arquitectura_der,Component_19-001,5040,4702,1267,1029094,764,1028732,328,"[""ID10365"", ""ID1065"", ""ID11640"", ""ID14724"", ""ID15235"", ""ID15387"", ""ID17"", ""ID21019"", ""ID444"", ""ID62"", ""ID6702"", ""ID75"", ""ID88""]","[""HONEYCOMB_GLOW_2"", ""NewTrekLCARS"", ""material_1"", ""Blinds_Roman_Hobbled_Blue"", ""GLASS_FLOOR"", ""iso_web_yellow2"", ""material"", ""GRATE_GLOW"", ""WHITE_GLOW"", ""Gray"", ""_58cd499217289.560ca8b44d983"", ""material_0"", ""Dark_Gray""]"
ascendant,suelo_paneles_izq,group_16,18,17,17,2018,0,2018,0,"[""ID15235""]","[""GLASS_FLOOR""]"
ascendant,suelo_paneles_der,group_16-001,18,17,17,2018,0,2018,0,"[""ID15235""]","[""GLASS_FLOOR""]"
ascendant,soporte_perimetral_izq,Component_27,125,119,119,7788,119,7788,3,"[""ID14724"", ""ID17"", ""ID444"", ""ID62"", ""ID75"", ""ID88""]","[""Blinds_Roman_Hobbled_Blue"", ""material"", ""WHITE_GLOW"", ""Gray"", ""material_0"", ""Dark_Gray""]"
ascendant,soporte_perimetral_der,Component_27-001,125,119,119,7788,119,7788,3,"[""ID14724"", ""ID17"", ""ID444"", ""ID62"", ""ID75"", ""ID88""]","[""Blinds_Roman_Hobbled_Blue"", ""material"", ""WHITE_GLOW"", ""Gray"", ""material_0"", ""Dark_Gray""]"
