path,format,bytes,sha256,width,height
uss-ascendant-bridge/source/USS+ASCENDANT+BRIDGE+FINAL/model/_0e3a929217289.560caa6605fe9.jpg,.jpg,244400,942e9a222f105422774603839275aee465b5793f5c1fb4d84eb2653c7d402a2b,1024,623
uss-ascendant-bridge/source/USS+ASCENDANT+BRIDGE+FINAL/model/_58cd499217289.560ca8b44d983.jpg,.jpg,234545,0b20a805b094283695f6f148a870d6bd00b8e276c232eb31bca88eacf4c7cf13,1024,646
uss-ascendant-bridge/source/USS+ASCENDANT+BRIDGE+FINAL/model/Blinds_Roman_Hobbled_Blue.jpg,.jpg,4097,0abea332a39e448443db5aff0fe3226ed8b2b2df9ef834e61793f5f4f5dfdd4a,128,256
uss-ascendant-bridge/source/USS+ASCENDANT+BRIDGE+FINAL/model/GRATE_GLOW.jpg,.jpg,192060,a2a1d9703429a4cfabcb89adcd35394035719d4def26e74f38929120d1f14088,1227,590
uss-ascendant-bridge/source/USS+ASCENDANT+BRIDGE+FINAL/model/HONEYCOMB_GLOW_2.jpg,.jpg,2419513,7a9fffdcd1a909d720c7651d4f19a354e8489dfe38b09a93bdf2666c04b17ad4,1643,1459
uss-ascendant-bridge/source/USS+ASCENDANT+BRIDGE+FINAL/model/Honeycomb_Grate.jpg,.jpg,1316493,cd5a17f6f6d453ce3fbf8c3f8f5690b3faaedcc19edbddff45591908b10bb4fe,1425,1420
uss-ascendant-bridge/source/USS+ASCENDANT+BRIDGE+FINAL/model/iso_web_yellow2.jpg,.jpg,34913,85ea0f66321200507441bf3c20eede7373c25fdda8b4e3e707fc85582bff8843,390,806
uss-ascendant-bridge/source/USS+ASCENDANT+BRIDGE+FINAL/model/NewTrekLCARS.jpg,.jpg,2726355,d006ab1f2b3bd1643ab0a95aa3a52971e05805d2a6c708e0e8102ab264629610,2349,2099
uss-ascendant-bridge/source/USS+ASCENDANT+BRIDGE+FINAL/model/VIEWSCREEN_GLOW.jpg,.jpg,99265,65bd94bd259369587db6e13ad5a2567dd67540ca966a43c74db86e639ecb41a9,1073,208
uss-ascendant-bridge/source/USS+ASCENDANT+BRIDGE+FINAL/model.dae,.dae,95037334,a92ab06e60b8b9a0c099dd4767cf7a1a29e47f83df37f9209082ed45ba5298ac,,
uss-ascendant-bridge/source/USS+ASCENDANT+BRIDGE+FINAL.zip,.zip,20805427,7b474cfd6453a6ed72fd301073ef08ff303995fff285a705cb5179b87e86f9c5,,
uss-ascendant-bridge/textures/_0e3a929217289.560caa6605fe9.jpeg,.jpeg,244296,8403dcdf9ae57db7de94194f748e528fb7a3caf3ec78238e514b6de031acd766,1024,623
uss-ascendant-bridge/textures/_58cd499217289.560ca8b44d983.jpeg,.jpeg,234441,c87f2e990af0de813060eee3edcbe0ada112602cdff2ec5730317fdb9279d6fd,1024,646
uss-ascendant-bridge/textures/Blinds_Roman_Hobbled_Blue.jpeg,.jpeg,4935,ce620a30939d07bb4f54295b90b50cfc7bd6509765c49434122eb6dc05cf6529,128,256
uss-ascendant-bridge/textures/GRATE_GLOW.jpeg,.jpeg,191956,7430e5db37991ab90a53e5397458ee352809961131d404bc493093407c6bd6c3,1227,590
uss-ascendant-bridge/textures/HONEYCOMB_GLOW_2.jpeg,.jpeg,2419409,273a5f37a35fc6954ca3f253b0482f4bc0e2393b2ab6f4772443040f34b77589,1643,1459
uss-ascendant-bridge/textures/Honeycomb_Grate.jpeg,.jpeg,1316389,0b6a2ae27fe28348b7a14a982752744bcf46339ca9ff1ec544e8505679eaa870,1425,1420
uss-ascendant-bridge/textures/iso_web_yellow2.jpeg,.jpeg,34913,85ea0f66321200507441bf3c20eede7373c25fdda8b4e3e707fc85582bff8843,390,806
uss-ascendant-bridge/textures/NewTrekLCARS.jpeg,.jpeg,2726251,f84dd816056da3bca1dbb95ec0de72b7bc1aff38d67039b3f937f83a0983b7ce,2349,2099
uss-ascendant-bridge/textures/VIEWSCREEN_GLOW.jpeg,.jpeg,99161,60ffb1e29661e809d6b178a1f2bdc67927556fe6cf1ae3646066437b04230ac0,1073,208
uss_ascendant_bridge.glb,.glb,110147416,6104f05cd5ad9711bb99ff956e356c97c0c3dc9c9ccecf33ba3e23a00f7b7608,,
